First Name,Last Name,Company,Connection,Email Address,Position
Shirley,Mcdaniel,Roberts PLC,265;210;632,shirley.mcdaniel@robertsplc.com,"Secretary, company"
Christine,Kramer,Montoya Group,392,christine.kramer@montoyagroup.com,Comptroller
Michael,Mills,Watson-Griffin,199,michael.mills@watson-griffin.com,Advertising account planner
Gary,Alexander,Garrett PLC,244;218,gary.alexander@garrettplc.com,Geophysicist/field seismologist
Jenny,Pearson,Baker Edwards and Powers,167;382;87;553;24,jenny.pearson@bakeredwardsandpowers.com,"Education officer, environmental"
Hannah,Love,Castro Lee and Lewis,109;199,hannah.love@castroleeandlewis.com,Paediatric nurse
Julia,Rowe,Johnson Mendez and Jones,109;36;179;107;341,julia.rowe@johnsonmendezandjones.com,Early years teacher
Courtney,Mccormick,Tucker Castro and Pratt,444;41;88;286;654,courtney.mccormick@tuckercastroandpratt.com,Psychotherapist
Michael,Day,Fleming Group,647;409;99;233;441,michael.day@fleminggroup.com,IT technical support officer
Denise,Terry,Kennedy-Thomas,73;700,denise.terry@kennedy-thomas.com,Neurosurgeon
Robert,Austin,Clark Inc,499;468;635;558,robert.austin@clarkinc.com,Cabin crew
Eric,Marquez,Richards-Harrington,248;35;696;40;620,eric.marquez@richards-harrington.com,"Merchandiser, retail"
Daniel,Robinson,Ortiz Bradley and Rhodes,665;571;320,daniel.robinson@ortizbradleyandrhodes.com,Chiropodist
Samuel,Dixon,Fuentes Group,81,samuel.dixon@fuentesgroup.com,IT consultant
Gina,Hill,Hodges-Williams,588;203,gina.hill@hodges-williams.com,Risk analyst
Christina,Cook,Lawson-Ward,197;125;363,christina.cook@lawson-ward.com,Sport and exercise psychologist
Mary,Moore,Castillo Inc,444;5;312;120;79,mary.moore@castilloinc.com,Race relations officer
Sherri,Parker,Clark-Edwards,68;98,sherri.parker@clark-edwards.com,Art therapist
Michelle,Hall,Franco PLC,300,michelle.hall@francoplc.com,Hydrographic surveyor
Lisa,Parker,Garcia Silva and Wong,583;74;503;568,lisa.parker@garciasilvaandwong.com,Risk analyst
Andrew,Stevenson,Brewer White and Wilson,156,andrew.stevenson@brewerwhiteandwilson.com,Retail merchandiser
Dennis,Clark,Palmer Turner and Case,286;525,dennis.clark@palmerturnerandcase.com,Secondary school teacher
Jose,Tapia,Robinson-Burch,199;471;81;509,jose.tapia@robinson-burch.com,Magazine journalist
Robert,Humphrey,Gordon Adams and Thomas,667;544;248,robert.humphrey@gordonadamsandthomas.com,Paediatric nurse
Vanessa,Gardner,Saunders Day and Sanchez,591;545;63;53,vanessa.gardner@saundersdayandsanchez.com,Risk analyst
Kimberly,Lowe,Turner-Bell,329;601,kimberly.lowe@turner-bell.com,Corporate investment banker
Candice,Manning,Moran Lutz and Ryan,358;318;327,candice.manning@moranlutzandryan.com,Tree surgeon
Alan,Lee,Donovan-Jones,385,alan.lee@donovan-jones.com,Materials engineer
Christian,Smith,Noble Marshall and Riggs,118,christian.smith@noblemarshallandriggs.com,Tourism officer
Victor,Rodriguez,Gonzales-Boyd,292;175;56;172;564,victor.rodriguez@gonzales-boyd.com,Multimedia programmer
Shelby,White,Mason-Wilson,473,shelby.white@mason-wilson.com,Fine artist
Jessica,Lopez,Jones-Owens,342;63;685;386;408,jessica.lopez@jones-owens.com,Counsellor
Leslie,Green,Leach-Lee,394;700;264;458,leslie.green@leach-lee.com,Public relations officer
Eric,Gonzalez,Davis-Johns,449,eric.gonzalez@davis-johns.com,Geochemist
Eric,Walker,Clark Inc,615;422,eric.walker@clarkinc.com,"Surveyor, minerals"
Angela,Woods,Olson LLC,680,angela.woods@olsonllc.com,Prison officer
Christopher,Foley,Bell Sullivan and Hobbs,20;135;45;297;380,christopher.foley@bellsullivanandhobbs.com,"Administrator, local government"
Jenna,Roberts,Hunt-Torres,194;169;580;205,jenna.roberts@hunt-torres.com,Television camera operator
Nathan,Warren,Lewis Group,147,nathan.warren@lewisgroup.com,Passenger transport manager
Cody,Young,Smith-Knox,52;592;336;283;408,cody.young@smith-knox.com,Counsellor
Kayla,Pham,Rice-Garner,527;291;669;434,kayla.pham@rice-garner.com,Diplomatic Services operational officer
Alexis,Thomas,Adams-Morton,287,alexis.thomas@adams-morton.com,Community education officer
Susan,Williams,Russell Group,386;166;530;606,susan.williams@russellgroup.com,Futures trader
Brian,Willis,Harris Ltd,314,brian.willis@harrisltd.com,Retail buyer
Tammy,Miranda,Pierce Hebert and Walsh,507;102;241,tammy.miranda@piercehebertandwalsh.com,Counselling psychologist
Justin,Maynard,Reynolds PLC,431;504,justin.maynard@reynoldsplc.com,Metallurgist
John,Lee,Shah-Strong,681;103;528;21;590,john.lee@shah-strong.com,Best boy
Kevin,Parks,Davis-Henderson,565;8;487,kevin.parks@davis-henderson.com,Information officer
Kevin,Hernandez,Johnson Johnson and Gibson,192;60;618;174;508,kevin.hernandez@johnsonjohnsonandgibson.com,Investment analyst
Bonnie,Miller,Compton-Ayala,174,bonnie.miller@compton-ayala.com,Podiatrist
Jimmy,Flores,Martin Farley and Lopez,85;565;220;55,jimmy.flores@martinfarleyandlopez.com,Database administrator
Randy,Flores,Friedman-Perry,519,randy.flores@friedman-perry.com,"Surveyor, mining"
Derek,Johnson,Wright Sanchez and Orr,611,derek.johnson@wrightsanchezandorr.com,Ambulance person
Douglas,Galloway,Carey-Rodgers,26;359;434;252,douglas.galloway@carey-rodgers.com,General practice doctor
Laura,Morris,Coleman LLC,291;368,laura.morris@colemanllc.com,Furniture designer
Steven,Davis,Harrell Mills and Anthony,446;222;590;364;306,steven.davis@harrellmillsandanthony.com,Herbalist
Nicole,Ellis,Hebert Lin and Smith,582;134,nicole.ellis@hebertlinandsmith.com,"Psychologist, forensic"
Ann,Franco,Webb Rodriguez and Reed,106;575;632;46;355,ann.franco@webbrodriguezandreed.com,Insurance broker
Donald,White,Roberts-Johnson,9;522,donald.white@roberts-johnson.com,Diagnostic radiographer
Alisha,White,Coleman Parker and Delacruz,209;475;426,alisha.white@colemanparkeranddelacruz.com,Careers adviser
Linda,Hamilton,Estrada Rodriguez and Vincent,60;538,linda.hamilton@estradarodriguezandvincent.com,"Engineer, civil (contracting)"
Patricia,Mullen,Brooks-Myers,427;281;558;386;495,patricia.mullen@brooks-myers.com,Science writer
Julie,Stewart,Carter Stein and Copeland,76;80;580;621;312,julie.stewart@cartersteinandcopeland.com,"Scientist, audiological"
Corey,Walls,Riddle LLC,438,corey.walls@riddlellc.com,Public relations account executive
Courtney,West,Noble-Williams,686;47;615,courtney.west@noble-williams.com,"Journalist, magazine"
Craig,Tucker,Oliver Kramer and Hill,230;153,craig.tucker@oliverkramerandhill.com,"Scientist, physiological"
Glenn,Mayo,Avila and Sons,121;655;130;661,glenn.mayo@avilaandsons.com,Chemical engineer
Roberta,Spears,Allen Obrien and Martinez,478,roberta.spears@allenobrienandmartinez.com,Medical technical officer
Kyle,Allison,Lopez-Oliver,650;402,kyle.allison@lopez-oliver.com,Mental health nurse
Jeffrey,Douglas,Palmer Pena and Garcia,456,jeffrey.douglas@palmerpenaandgarcia.com,Clinical biochemist
Colleen,Merritt,Faulkner-Dillon,313;329;39;490;416,colleen.merritt@faulkner-dillon.com,"Engineer, agricultural"
Jennifer,Carter,Jimenez Shelton and Thompson,245;275;485;546;164,jennifer.carter@jimenezsheltonandthompson.com,Engineering geologist
Joshua,Padilla,Taylor Thomas and Brown,49,joshua.padilla@taylorthomasandbrown.com,Research scientist (physical sciences)
Brianna,Stokes,Harris Fitzgerald and Johnson,6;37;641;193,brianna.stokes@harrisfitzgeraldandjohnson.com,Investment analyst
Earl,Smith,Cox Henry and Pierce,37;111,earl.smith@coxhenryandpierce.com,Animal nutritionist
Brenda,White,Allen-Moore,129,brenda.white@allen-moore.com,Race relations officer
Andrew,Wall,Gibson Bonilla and Burgess,566;231,andrew.wall@gibsonbonillaandburgess.com,Paediatric nurse
Katherine,Perez,Blake Ruiz and Cole,529;546,katherine.perez@blakeruizandcole.com,Teaching laboratory technician
Aimee,Gonzales,Pratt-Campbell,567;172;71;248;425,aimee.gonzales@pratt-campbell.com,Database administrator
Elizabeth,Hubbard,Collins-Avery,452;388;3,elizabeth.hubbard@collins-avery.com,Osteopath
Tammy,Baird,Chase Ltd,421;432;500,tammy.baird@chaseltd.com,"Therapist, sports"
Amber,Sanchez,Dillon PLC,467;18,amber.sanchez@dillonplc.com,Seismic interpreter
Bryan,Hood,Martinez-Warner,293;551;147,bryan.hood@martinez-warner.com,Solicitor
Kathy,Charles,Kelley-Smith,494;364;483,kathy.charles@kelley-smith.com,"Surveyor, mining"
Brian,George,Simon-Doyle,17;621,brian.george@simon-doyle.com,"Scientist, physiological"
Anthony,Holmes,Ellis Barrett and Johnson,519;175;297;424;473,anthony.holmes@ellisbarrettandjohnson.com,Call centre manager
Matthew,Acevedo,Murphy PLC,496;327;482,matthew.acevedo@murphyplc.com,Information officer
James,Hernandez,Burch Gray and Murphy,502;106,james.hernandez@burchgrayandmurphy.com,Chiropodist
Rebecca,Carroll,Salazar Costa and Barrera,662;192,rebecca.carroll@salazarcostaandbarrera.com,Podiatrist
Stephen,Hernandez,Colon-Johnson,14;133;326,stephen.hernandez@colon-johnson.com,Industrial buyer
Julie,Allen,Parrish Martin and West,125;699;585;375;239,julie.allen@parrishmartinandwest.com,Location manager
Tracey,Carter,Morton Richards and Thomas,235,tracey.carter@mortonrichardsandthomas.com,Research scientist (life sciences)
Zachary,Lopez,Sims LLC,692;230;377;408,zachary.lopez@simsllc.com,"Producer, television/film/video"
Whitney,Mcdonald,Thompson Johnson and Bautista,300;99;287,whitney.mcdonald@thompsonjohnsonandbautista.com,"Doctor, hospital"
Christopher,Gomez,Rivas-Deleon,370;96;232,christopher.gomez@rivas-deleon.com,"Engineer, drilling"
Benjamin,Anderson,Mack-Willis,478;422,benjamin.anderson@mack-willis.com,Database administrator
Eric,Jackson,Brown-Mccoy,352;492;475;124;400,eric.jackson@brown-mccoy.com,Air cabin crew
Steven,Gonzalez,Suarez Parrish and White,32;238;156,steven.gonzalez@suarezparrishandwhite.com,Agricultural engineer
Glenn,Liu,Salazar Johnson and Sanders,42;131;413;673,glenn.liu@salazarjohnsonandsanders.com,Wellsite geologist
Ethan,Faulkner,Tran Webb and Blackburn,60;326;622;664;66,ethan.faulkner@tranwebbandblackburn.com,Mining engineer
Heather,Myers,Walsh-Reed,380,heather.myers@walsh-reed.com,Oncologist
Alexa,Williams,Johnson and Sons,404,alexa.williams@johnsonandsons.com,Estate manager/land agent
Robert,Lynch,Shah Hernandez and Ray,493;402;310,robert.lynch@shahhernandezandray.com,"Designer, blown glass/stained glass"
Andrew,Taylor,Maxwell Group,211,andrew.taylor@maxwellgroup.com,Exercise physiologist
William,Aguilar,Morris PLC,156;145,william.aguilar@morrisplc.com,Health and safety adviser
Danielle,Curry,Gomez Moran and Hendrix,492;254;691;335;205,danielle.curry@gomezmoranandhendrix.com,Higher education careers adviser
Jamie,Waters,Farmer-Sweeney,450;680;325;155,jamie.waters@farmer-sweeney.com,Clinical research associate
Anne,Rodriguez,Hall Hancock and Palmer,264;117;216;682,anne.rodriguez@hallhancockandpalmer.com,Site engineer
Allen,Dunn,Malone Barnes and Nguyen,52,allen.dunn@malonebarnesandnguyen.com,Petroleum engineer
Joshua,Grant,Martin-Johnson,100;398,joshua.grant@martin-johnson.com,"Programmer, applications"
Deanna,Mckinney,Phillips-Williams,556,deanna.mckinney@phillips-williams.com,"Education officer, environmental"
Lori,Hill,Rodriguez Ltd,487;282,lori.hill@rodriguezltd.com,Midwife
Robert,Hunt,Donaldson and Sons,105;636;485;42,robert.hunt@donaldsonandsons.com,"Surveyor, planning and development"
Michael,Ward,Graham Schultz and Wilkinson,292;89;386;142;420,michael.ward@grahamschultzandwilkinson.com,Clothing/textile technologist
Caleb,Barnes,Williams-Smith,260;263;261,caleb.barnes@williams-smith.com,Trading standards officer
April,Jones,Parker-Sanchez,118;546,april.jones@parker-sanchez.com,"Accountant, chartered management"
Julie,Stewart,Jones Hobbs and James,673;592,julie.stewart@joneshobbsandjames.com,"Accountant, chartered certified"
David,Sullivan,Sloan-Zimmerman,79;538;72;70;456,david.sullivan@sloan-zimmerman.com,Amenity horticulturist
Christy,Gardner,Obrien Group,579;641,christy.gardner@obriengroup.com,Curator
Jeremy,Thomas,Rowe-Edwards,61;688,jeremy.thomas@rowe-edwards.com,Materials engineer
Natalie,Daugherty,Marshall Inc,202,natalie.daugherty@marshallinc.com,"Biochemist, clinical"
Jacqueline,Gray,Hill Gentry and Clark,100,jacqueline.gray@hillgentryandclark.com,Glass blower/designer
Gary,Lewis,Compton Inc,302;261,gary.lewis@comptoninc.com,Clinical molecular geneticist
Nicholas,Gomez,Harris Holmes and Bishop,127;454;481,nicholas.gomez@harrisholmesandbishop.com,Fish farm manager
Steven,Walker,Hughes Ltd,58,steven.walker@hughesltd.com,Secretary/administrator
Natalie,Glover,Murphy LLC,157;631,natalie.glover@murphyllc.com,Press sub
Joshua,Walton,Austin-Trevino,188;115,joshua.walton@austin-trevino.com,Further education lecturer
Christopher,Thomas,Foster Ltd,684;135;148;477;524,christopher.thomas@fosterltd.com,Agricultural consultant
Melissa,Kelley,Jones Gutierrez and Collins,359;247;615;31,melissa.kelley@jonesgutierrezandcollins.com,English as a foreign language teacher
Steven,Thomas,Smith-Lambert,189,steven.thomas@smith-lambert.com,Oceanographer
Mark,Flores,Adkins-Griffin,421;69;124;613;115,mark.flores@adkins-griffin.com,Insurance account manager
Kimberly,Jones,Guerrero-Logan,156;57,kimberly.jones@guerrero-logan.com,Youth worker
Lisa,Terrell,Jones-Taylor,387;183,lisa.terrell@jones-taylor.com,Retail merchandiser
Sonia,George,Martin-Ayers,199;35;644;320;183,sonia.george@martin-ayers.com,"Surveyor, planning and development"
Denise,Marsh,Abbott-Soto,547;578,denise.marsh@abbott-soto.com,Higher education lecturer
Dana,Zimmerman,Smith-Jones,693,dana.zimmerman@smith-jones.com,"Pilot, airline"
Warren,Mitchell,Williams-Smith,565;536;603;291,warren.mitchell@williams-smith.com,"Scientist, water quality"
Christina,Cardenas,Porter LLC,478;56;406;686;181,christina.cardenas@porterllc.com,Accounting technician
Nicholas,Moore,Thompson-Cortez,544;391;418,nicholas.moore@thompson-cortez.com,Land
Steven,Jackson,Roman Inc,1,steven.jackson@romaninc.com,Lexicographer
Mark,Bray,Thompson-Jackson,697;389;675;352;195,mark.bray@thompson-jackson.com,Haematologist
Christopher,Fuller,Brown Pratt and Hudson,179;253,christopher.fuller@brownprattandhudson.com,Product manager
Marc,Taylor,Sherman Lawson and Yu,152;229;364,marc.taylor@shermanlawsonandyu.com,Scientific laboratory technician
Stephanie,Murphy,Parks-Brown,267;678;206;7,stephanie.murphy@parks-brown.com,"Investment banker, operational"
Antonio,Curtis,Wright-Stewart,347;458;144,antonio.curtis@wright-stewart.com,Estate agent
Melissa,Parker,Young LLC,194;83;69;567;55,melissa.parker@youngllc.com,Professor Emeritus
Alyssa,Hatfield,Stewart Torres and Hoover,450;12;554;36;536,alyssa.hatfield@stewarttorresandhoover.com,Training and development officer
Timothy,Newman,Thompson-Morris,123;227;404;446;558,timothy.newman@thompson-morris.com,Film/video editor
Thomas,Armstrong,Franklin PLC,143;501;296;238;106,thomas.armstrong@franklinplc.com,Banker
Sandra,Fernandez,Little Group,358;319;153;157;368,sandra.fernandez@littlegroup.com,Comptroller
Frank,Williams,Riley-Bailey,57;343;337,frank.williams@riley-bailey.com,Company secretary
Nathaniel,Lopez,Rush Owens and Thomas,379;281,nathaniel.lopez@rushowensandthomas.com,Copy
Christina,Crawford,Bradford PLC,628;421;81;286;478,christina.crawford@bradfordplc.com,"Conservation officer, nature"
Alicia,Burns,Jordan Morton and Mann,631,alicia.burns@jordanmortonandmann.com,"Research officer, government"
Melissa,Mason,Riley-Ortiz,692;287;493;165;596,melissa.mason@riley-ortiz.com,Primary school teacher
Joshua,Larson,Anderson-Dixon,52,joshua.larson@anderson-dixon.com,Commissioning editor
Michelle,Huber,Walker-Davidson,448;337,michelle.huber@walker-davidson.com,Retail banker
Briana,Moreno,Carter PLC,642;468;56,briana.moreno@carterplc.com,Chiropractor
Tammy,Ruiz,Duncan Rojas and Ramirez,223;631;636;99,tammy.ruiz@duncanrojasandramirez.com,Clinical molecular geneticist
Jessica,Jackson,Reilly Poole and Stanley,341;590,jessica.jackson@reillypooleandstanley.com,Marine scientist
Madison,Bender,Gonzales Group,145;54;526;57,madison.bender@gonzalesgroup.com,Chief Strategy Officer
Sara,Campos,Wood Inc,251;220;433;207;484,sara.campos@woodinc.com,Statistician
Martin,Terry,Barry-May,438;299,martin.terry@barry-may.com,"Editor, film/video"
Molly,Scott,Nunez-Roberts,304;280;150,molly.scott@nunez-roberts.com,"Surveyor, quantity"
Claire,Davis,Serrano Russo and Hull,533;412;359,claire.davis@serranorussoandhull.com,Communications engineer
Cassidy,Mueller,Smith-Stevens,383;536;6,cassidy.mueller@smith-stevens.com,IT consultant
Christine,Perez,Brown LLC,21;249,christine.perez@brownllc.com,Secondary school teacher
Victoria,Smith,King-Frye,181,victoria.smith@king-frye.com,"Designer, jewellery"
John,Fisher,Johnson Vargas and Ayers,101;441;225,john.fisher@johnsonvargasandayers.com,Ship broker
Sandra,Roy,Wilkerson Inc,672;447,sandra.roy@wilkersoninc.com,Ship broker
Colin,Rasmussen,Campbell Inc,472;63,colin.rasmussen@campbellinc.com,Physiotherapist
Joyce,Lewis,Smith White and Kelley,697;559;487;129,joyce.lewis@smithwhiteandkelley.com,Adult nurse
Yolanda,Torres,Floyd PLC,83;231,yolanda.torres@floydplc.com,Information officer
Holly,Morgan,White Ltd,93;665;327;484,holly.morgan@whiteltd.com,Best boy
Brian,Flores,Sanders Diaz and Taylor,240;255,brian.flores@sandersdiazandtaylor.com,IT technical support officer
Tina,White,Franklin Bates and Castaneda,320;541;569;344;424,tina.white@franklinbatesandcastaneda.com,Colour technologist
Marcus,Mcguire,Powell Gonzalez and Patrick,447;486,marcus.mcguire@powellgonzalezandpatrick.com,Sports development officer
Daniel,Perez,King Nielsen and Martin,272;447;40;343,daniel.perez@kingnielsenandmartin.com,Operations geologist
Benjamin,Alvarez,Goodman Villegas and Orozco,537;334;442,benjamin.alvarez@goodmanvillegasandorozco.com,Public relations officer
Denise,Green,Rodriguez Moreno and Perry,227,denise.green@rodriguezmorenoandperry.com,Broadcast journalist
John,Johnson,Schmidt Inc,37;615;304;267;690,john.johnson@schmidtinc.com,Television production assistant
Kristine,Alvarado,Alvarez PLC,371;583;255;66;41,kristine.alvarado@alvarezplc.com,Plant breeder/geneticist
Nancy,Barber,Cortez Inc,82;449;152;695,nancy.barber@cortezinc.com,"Nurse, adult"
Kristin,Clark,Lee-Brown,492,kristin.clark@lee-brown.com,"Programmer, systems"
Julian,Howard,Obrien PLC,132;544;293;614;323,julian.howard@obrienplc.com,Museum education officer
Justin,Aguilar,Wood-Hall,59;193,justin.aguilar@wood-hall.com,Meteorologist
Jacqueline,Young,Davis and Sons,386;304;492;696,jacqueline.young@davisandsons.com,Emergency planning/management officer
Jacob,Jones,Thomas-Rodriguez,364;680;689,jacob.jones@thomas-rodriguez.com,Heritage manager
Melissa,Duncan,Williams Munoz and Pham,194;233;500,melissa.duncan@williamsmunozandpham.com,Sales promotion account executive
Allison,Webb,Jackson Reyes and Williams,581;81;7;539;648,allison.webb@jacksonreyesandwilliams.com,Art therapist
Samantha,Diaz,Smith Ltd,92;95;419;112;538,samantha.diaz@smithltd.com,Bookseller
Erik,Ward,Andrews Ltd,517,erik.ward@andrewsltd.com,"Surveyor, quantity"
William,Mcdonald,West-Wang,188;454;551;448;212,william.mcdonald@west-wang.com,Ambulance person
Anne,Jones,King and Sons,16;411;458,anne.jones@kingandsons.com,"Engineer, agricultural"
Maria,Rogers,Cross-Lester,405;229,maria.rogers@cross-lester.com,Aid worker
Tammy,Mays,Cooley Brown and Mccarty,255;29,tammy.mays@cooleybrownandmccarty.com,Hydrographic surveyor
Juan,Lang,Welch Group,42;274;301;481;343,juan.lang@welchgroup.com,"Journalist, broadcasting"
Dylan,Mckee,Hansen Cooper and Thomas,55;333;526;190;36,dylan.mckee@hansencooperandthomas.com,"Surveyor, commercial/residential"
Michael,Hardy,Roberts PLC,572;211,michael.hardy@robertsplc.com,"Sales professional, IT"
Janet,Bowman,Barnes Elliott and Ray,444;130;582,janet.bowman@barneselliottandray.com,"Accountant, chartered"
Patrick,Parker,Holloway Bauer and Hall,586,patrick.parker@hollowaybauerandhall.com,"Solicitor, Scotland"
Jeffrey,Huynh,Wise-Mcdowell,682;232;646;638;39,jeffrey.huynh@wise-mcdowell.com,Video editor
Brian,Hammond,Booker-Hawkins,437;5;565;608,brian.hammond@booker-hawkins.com,Dealer
Jennifer,Lane,Foster-Miller,259;601,jennifer.lane@foster-miller.com,Air broker
Jennifer,White,Kim-Stevens,302;47;449,jennifer.white@kim-stevens.com,Customer service manager
Emily,Miller,Porter Mitchell and Manning,465;502,emily.miller@portermitchellandmanning.com,Museum/gallery curator
Brian,Snyder,Wheeler Barnes and Murphy,335;592;664,brian.snyder@wheelerbarnesandmurphy.com,Public librarian
Michael,Johnson,Sanchez-Evans,288;165;295,michael.johnson@sanchez-evans.com,"Teacher, early years/pre"
Blake,Maynard,Pierce Group,46;483;292,blake.maynard@piercegroup.com,"Designer, blown glass/stained glass"
Amanda,Anderson,Zhang PLC,461;288;333,amanda.anderson@zhangplc.com,Furniture conservator/restorer
Emily,West,Myers Ltd,174;197;194,emily.west@myersltd.com,Microbiologist
Teresa,Mayo,Meyer PLC,230;677;10;423;285,teresa.mayo@meyerplc.com,Charity fundraiser
Jessica,Johnson,Jenkins-Diaz,685;622,jessica.johnson@jenkins-diaz.com,Child psychotherapist
Grace,Kline,Gardner PLC,342;4;103,grace.kline@gardnerplc.com,"Production assistant, radio"
Jennifer,Hogan,Murray-Gomez,546;288;538;599;36,jennifer.hogan@murray-gomez.com,Retail merchandiser
Sophia,Stewart,Reeves LLC,283;52;138,sophia.stewart@reevesllc.com,Illustrator
Joshua,Taylor,Ballard-Marshall,665,joshua.taylor@ballard-marshall.com,Interior and spatial designer
Haley,Flynn,Lambert Anderson and Pierce,27;677,haley.flynn@lambertandersonandpierce.com,Surgeon
Javier,Davis,Olsen-Jackson,648;110;95;583;447,javier.davis@olsen-jackson.com,"Surveyor, rural practice"
Micheal,Lewis,Erickson-Davenport,372;324,micheal.lewis@erickson-davenport.com,General practice doctor
Dustin,Gonzalez,Herrera Price and Gaines,269;629;376,dustin.gonzalez@herrerapriceandgaines.com,Legal executive
Jason,Rivera,Richmond Johnson and Garza,283;219,jason.rivera@richmondjohnsonandgarza.com,"Engineer, structural"
Michael,Smith,Buchanan-Johnson,208;643;523;94,michael.smith@buchanan-johnson.com,Purchasing manager
Jacob,Daniel,Gomez Ltd,562;610,jacob.daniel@gomezltd.com,Insurance underwriter
Gary,Chung,Davis Mccoy and Williams,271,gary.chung@davismccoyandwilliams.com,Arboriculturist
Darryl,Drake,Mclaughlin Pacheco and Hopkins,88;472;255;602;684,darryl.drake@mclaughlinpachecoandhopkins.com,Administrator
Denise,Ward,Smith Christensen and Coleman,82;622;96,denise.ward@smithchristensenandcoleman.com,Hydrogeologist
Katherine,Walker,Jenkins PLC,229;280;39;521;207,katherine.walker@jenkinsplc.com,Arboriculturist
Todd,Robinson,Johnson LLC,195,todd.robinson@johnsonllc.com,Trade union research officer
Logan,Washington,Bell LLC,241;465;291;456;615,logan.washington@bellllc.com,Dealer
Jamie,Leonard,Williams Hall and Mitchell,608;252;116;219,jamie.leonard@williamshallandmitchell.com,"Solicitor, Scotland"
Dana,Bailey,Bailey and Sons,126;250;119,dana.bailey@baileyandsons.com,Building control surveyor
Jon,Robertson,Armstrong Evans and Bowman,278;301,jon.robertson@armstrongevansandbowman.com,Data scientist
Molly,Smith,Love Pope and Buchanan,604;500;432,molly.smith@lovepopeandbuchanan.com,Pension scheme manager
Vanessa,Peterson,Cook-Jones,246;450,vanessa.peterson@cook-jones.com,Health promotion specialist
Leslie,Munoz,Johnson Patrick and Marquez,292,leslie.munoz@johnsonpatrickandmarquez.com,"Production designer, theatre/television/film"
Amy,Pollard,Cervantes LLC,522;38;8;333,amy.pollard@cervantesllc.com,Outdoor activities/education manager
Shannon,Johnson,Buchanan English and Martinez,305;648;361;171;257,shannon.johnson@buchananenglishandmartinez.com,Chartered accountant
Christopher,Davis,Roberts-Benson,141;15;657,christopher.davis@roberts-benson.com,Primary school teacher
Linda,Marshall,Howell-Wells,112;311;59;673;685,linda.marshall@howell-wells.com,Chartered certified accountant
John,Wilson,Anderson Curry and Boyle,331,john.wilson@andersoncurryandboyle.com,Graphic designer
Jasmine,Mcintyre,Bridges Nielsen and Perry,38;418;408;381,jasmine.mcintyre@bridgesnielsenandperry.com,Telecommunications researcher
Gabriel,Golden,James King and Mcdonald,118;553;113;596,gabriel.golden@jameskingandmcdonald.com,Community development worker
Laura,Lara,Peterson Guzman and Taylor,492;462;239;542,laura.lara@petersonguzmanandtaylor.com,Insurance broker
Casey,Shannon,Vazquez LLC,613;612;438,casey.shannon@vazquezllc.com,"Accountant, chartered certified"
Annette,Bryant,Morrison-Montgomery,170;580;500;572,annette.bryant@morrison-montgomery.com,Consulting civil engineer
William,Dixon,Reyes-Huff,397;268;39;340;188,william.dixon@reyes-huff.com,"Buyer, industrial"
Jared,Graham,Gonzales-Duncan,176;37,jared.graham@gonzales-duncan.com,Logistics and distribution manager
Melissa,Howell,Hughes LLC,51,melissa.howell@hughesllc.com,"Scientist, biomedical"
Courtney,Schwartz,Mason Wilson and Le,417;162;175;149;428,courtney.schwartz@masonwilsonandle.com,Magazine features editor
Brandi,Hudson,Young Hardy and Jenkins,296;491;653;236,brandi.hudson@younghardyandjenkins.com,Waste management officer
Cynthia,Stevens,Swanson Rodriguez and Mcdonald,459,cynthia.stevens@swansonrodriguezandmcdonald.com,Chief of Staff
Brandon,Malone,Brown Rodriguez and Mitchell,27;125;16;217;43,brandon.malone@brownrodriguezandmitchell.com,Insurance broker
Richard,Williams,Chavez-Barton,474;147;353,richard.williams@chavez-barton.com,"Research officer, trade union"
Scott,Wiggins,Henderson Long and Monroe,27;662;425,scott.wiggins@hendersonlongandmonroe.com,"Civil engineer, consulting"
Monica,Hood,Craig-Davis,174;245;114;520;332,monica.hood@craig-davis.com,Medical technical officer
Stephen,Collins,Hickman Inc,520;50;457;464;157,stephen.collins@hickmaninc.com,IT technical support officer
Alice,Lester,Proctor-Patterson,116;251;500;220,alice.lester@proctor-patterson.com,"Engineer, petroleum"
Tanya,Green,Smith-Carpenter,645;293,tanya.green@smith-carpenter.com,Outdoor activities/education manager
April,Owens,Martin-Jackson,81;239,april.owens@martin-jackson.com,Armed forces technical officer
Christopher,Coleman,Smith Group,165;618;19,christopher.coleman@smithgroup.com,Educational psychologist
Kenneth,Wilson,Walton-Strickland,328;167;454;187,kenneth.wilson@walton-strickland.com,Data scientist
Kayla,Davis,Odom-Davis,188;230;177;412,kayla.davis@odom-davis.com,Merchant navy officer
Christopher,Baldwin,Rodriguez Ltd,234;166,christopher.baldwin@rodriguezltd.com,"Surveyor, land/geomatics"
Mark,Horn,Cain Bautista and Cook,308,mark.horn@cainbautistaandcook.com,Translator
Stephanie,Harris,Rogers-Ortega,195;511;459,stephanie.harris@rogers-ortega.com,"Psychologist, clinical"
Keith,Potter,Richmond and Sons,608;304,keith.potter@richmondandsons.com,Air cabin crew
Jordan,Mack,Jackson-Rodriguez,48;92;634,jordan.mack@jackson-rodriguez.com,Seismic interpreter
Jason,Perry,Mejia Garcia and Watts,425;359;590;46;581,jason.perry@mejiagarciaandwatts.com,Administrator
Stacey,Hardy,Barnes-Baker,342,stacey.hardy@barnes-baker.com,Pensions consultant
Trevor,Stokes,West-Montgomery,220,trevor.stokes@west-montgomery.com,Mechanical engineer
Lisa,Burns,House Anderson and Medina,141;315,lisa.burns@houseandersonandmedina.com,Technical sales engineer
James,Hardy,Holden Young and Mason,156;484;219;24;590,james.hardy@holdenyoungandmason.com,Insurance risk surveyor
Lindsey,Schmidt,Hall Ward and Rodriguez,503,lindsey.schmidt@hallwardandrodriguez.com,Freight forwarder
Diana,Harris,Small Edwards and Porter,112,diana.harris@smalledwardsandporter.com,"Surveyor, land/geomatics"
Nancy,Chandler,Hickman Gomez and Duffy,510,nancy.chandler@hickmangomezandduffy.com,Tax inspector
Stephanie,Nelson,Lewis-Johnson,135;98,stephanie.nelson@lewis-johnson.com,"Pharmacist, community"
Alicia,Macias,Rhodes Lopez and Phillips,47,alicia.macias@rhodeslopezandphillips.com,Theatre manager
Faith,Davidson,Sullivan-Burke,380;443;44;225,faith.davidson@sullivan-burke.com,"Designer, interior/spatial"
Kenneth,Porter,Cooper Olson and Cortez,139;67;468;449;336,kenneth.porter@cooperolsonandcortez.com,Contractor
George,Cruz,Thomas-Brown,358,george.cruz@thomas-brown.com,Agricultural consultant
Laura,Garcia,Brooks Miller and Cardenas,176;80;2;38;378,laura.garcia@brooksmillerandcardenas.com,Communications engineer
Brian,Harris,Davis Inc,379,brian.harris@davisinc.com,Press sub
Samantha,Compton,Wilson-Simpson,673;308;287;265;368,samantha.compton@wilson-simpson.com,Waste management officer
Madison,Terry,Valdez LLC,415;433;507;61;349,madison.terry@valdezllc.com,Pathologist
Diane,Stevens,Hudson Cannon and White,43;486;440;556,diane.stevens@hudsoncannonandwhite.com,Planning and development surveyor
Jessica,Mercado,Davis Allen and Jackson,542;259;674;425,jessica.mercado@davisallenandjackson.com,Writer
Jenna,Golden,Franklin Baldwin and Owen,588;315;102;545,jenna.golden@franklinbaldwinandowen.com,Passenger transport manager
Kayla,Hughes,Greer and Sons,526;575;73;681,kayla.hughes@greerandsons.com,"Biochemist, clinical"
Timothy,Christensen,Diaz Ltd,137;122;433;38,timothy.christensen@diazltd.com,Barrister
Brandon,Briggs,Thomas Franklin and Fernandez,416,brandon.briggs@thomasfranklinandfernandez.com,Archivist
William,Ray,Owens-Strickland,134;504;6,william.ray@owens-strickland.com,Warehouse manager
Christopher,Riggs,Lynch and Sons,223;195;182;618,christopher.riggs@lynchandsons.com,Immigration officer
Kenneth,Butler,Ortiz LLC,239;348,kenneth.butler@ortizllc.com,"Nurse, adult"
William,Webster,Clarke Ltd,632;599;393;156,william.webster@clarkeltd.com,Fashion designer
Tara,Myers,Tran Inc,332;590;368,tara.myers@traninc.com,Museum/gallery curator
Jeremy,Snow,Green Miller and Adams,197;251,jeremy.snow@greenmillerandadams.com,"Lecturer, higher education"
Jodi,Jones,Lopez LLC,398;161;543;176,jodi.jones@lopezllc.com,Bonds trader
Crystal,Yang,Patterson Aguilar and Wells,130,crystal.yang@pattersonaguilarandwells.com,"Chemist, analytical"
Laura,Smith,Mills-Hall,296;446;138;147;213,laura.smith@mills-hall.com,Communications engineer
John,Edwards,Rivera Gonzalez and Lambert,563;396;452;238;518,john.edwards@riveragonzalezandlambert.com,"Engineer, communications"
Shannon,Miller,Gould Williams and Carter,487,shannon.miller@gouldwilliamsandcarter.com,Quality manager
Laura,Martinez,Brewer White and Shah,504;463;110;93;665,laura.martinez@brewerwhiteandshah.com,Research scientist (maths)
Joseph,Travis,Evans and Sons,80;582;130;532;41,joseph.travis@evansandsons.com,Accommodation manager
Nicholas,Larson,Ruiz Webb and Carter,684;278;98;473,nicholas.larson@ruizwebbandcarter.com,Risk analyst
Thomas,Meyer,Barajas and Sons,435;239,thomas.meyer@barajasandsons.com,Multimedia programmer
Julia,Ruiz,Parker Garrison and Maddox,89;691,julia.ruiz@parkergarrisonandmaddox.com,Risk analyst
Larry,Blackwell,Mcconnell and Sons,340;277;503;38,larry.blackwell@mcconnellandsons.com,Insurance risk surveyor
Judy,Yates,Mitchell Inc,201;400;677,judy.yates@mitchellinc.com,Investment analyst
Tracy,Harris,Martin Ltd,699;186,tracy.harris@martinltd.com,Magazine features editor
Ryan,Reynolds,Riggs and Sons,197,ryan.reynolds@riggsandsons.com,Cartographer
James,Watson,Duncan-Brown,693;136;563;430,james.watson@duncan-brown.com,Medical technical officer
William,Little,Sosa-Gonzalez,422;410;122;224,william.little@sosa-gonzalez.com,Jewellery designer
Cheryl,Jenkins,Barron Baker and Foster,172;631;629;180;536,cheryl.jenkins@barronbakerandfoster.com,"Journalist, magazine"
Elizabeth,King,Bell Edwards and Williams,545;332;117,elizabeth.king@belledwardsandwilliams.com,Network engineer
Rebecca,Taylor,Harvey Inc,544;44;530;111;372,rebecca.taylor@harveyinc.com,Dramatherapist
Susan,Gordon,Parker Walsh and Morrison,20;97,susan.gordon@parkerwalshandmorrison.com,"Investment banker, corporate"
Steven,Simpson,Monroe Group,363;562;156;17,steven.simpson@monroegroup.com,Catering manager
Jessica,Roach,Roberts PLC,55;205,jessica.roach@robertsplc.com,"Loss adjuster, chartered"
Cindy,Lewis,Walters Group,554;61;370;655,cindy.lewis@waltersgroup.com,"Programmer, systems"
Margaret,Johnson,Stone-Green,20;601,margaret.johnson@stone-green.com,"Engineer, water"
Tracey,Martinez,Massey PLC,460;426;604;314;368,tracey.martinez@masseyplc.com,Mental health nurse
Barry,Mosley,Stanley-Cook,127;77;567,barry.mosley@stanley-cook.com,Quality manager
Nina,Wyatt,Walters-Hunter,91;393,nina.wyatt@walters-hunter.com,Event organiser
Brian,Thompson,Carter Miles and Brooks,287;95,brian.thompson@cartermilesandbrooks.com,"Engineer, land"
Leonard,Lawrence,Hicks Salinas and Henry,78;200;149;95;55,leonard.lawrence@hickssalinasandhenry.com,"Radiographer, diagnostic"
Scott,Reed,Johnson-Porter,462;277;326;316;80,scott.reed@johnson-porter.com,Planning and development surveyor
Brittany,Davis,Solis-Yoder,232;453;571;699;559,brittany.davis@solis-yoder.com,Charity fundraiser
Tammy,Ramirez,Cain-Solis,422,tammy.ramirez@cain-solis.com,Medical illustrator
Joseph,Malone,Kaufman Inc,555;338;78,joseph.malone@kaufmaninc.com,"Civil engineer, consulting"
William,Gray,Olson Group,114;58;161,william.gray@olsongroup.com,Secondary school teacher
Hannah,Marsh,Guzman Moore and Romero,610;208;222;445;188,hannah.marsh@guzmanmooreandromero.com,"Teacher, early years/pre"
Jasmine,Thompson,Brown Group,680;461;552;299;82,jasmine.thompson@browngroup.com,Psychotherapist
Jennifer,Mayo,Taylor LLC,669;626;132,jennifer.mayo@taylorllc.com,"Engineer, civil (contracting)"
John,Anderson,Sullivan-Huber,47;311;627,john.anderson@sullivan-huber.com,Publishing copy
Amanda,Taylor,Welch Hall and Bell,458;292;658;492;327,amanda.taylor@welchhallandbell.com,"Conservation officer, historic buildings"
Deborah,Thomas,Jenkins Ltd,614;610,deborah.thomas@jenkinsltd.com,Solicitor
Marc,Jackson,Owen-Williams,72;100;609;620;67,marc.jackson@owen-williams.com,"Teacher, music"
Jamie,Gomez,Rasmussen Inc,497;40;36;112;171,jamie.gomez@rasmusseninc.com,Mudlogger
Derrick,Weiss,Bennett Perry and Campbell,656;13,derrick.weiss@bennettperryandcampbell.com,Conference centre manager
Diana,Barber,Taylor Ltd,51;402,diana.barber@taylorltd.com,Holiday representative
Hannah,Quinn,Simpson Warren and Martinez,288;189;459;125,hannah.quinn@simpsonwarrenandmartinez.com,Geochemist
David,Robinson,Bradley Group,270;441;546;344,david.robinson@bradleygroup.com,Hospital pharmacist
Chad,Campbell,Davis Gutierrez and Hoover,535;13;534;229,chad.campbell@davisgutierrezandhoover.com,"Designer, multimedia"
Jessica,Lopez,Parker-Odom,121;458;259;639;488,jessica.lopez@parker-odom.com,"Psychologist, occupational"
Adam,Johnson,Sexton-Martinez,66,adam.johnson@sexton-martinez.com,Ranger/warden
Regina,Weaver,Cobb-Mahoney,312,regina.weaver@cobb-mahoney.com,Recruitment consultant
Jeffery,Clark,Baker-Todd,259;31;221,jeffery.clark@baker-todd.com,Archivist
Mark,Johnson,Gaines Lawrence and Kerr,214;681;158,mark.johnson@gaineslawrenceandkerr.com,Museum education officer
Antonio,Hamilton,Valencia Group,291;455,antonio.hamilton@valenciagroup.com,Statistician
Penny,Brown,Mcgrath-Griffin,466;467;302;337;533,penny.brown@mcgrath-griffin.com,Heritage manager
John,Mullen,Miller-Johnson,650,john.mullen@miller-johnson.com,Public relations account executive
Bryan,Rivas,Hatfield Mcclain and Anderson,538,bryan.rivas@hatfieldmcclainandanderson.com,Geophysicist/field seismologist
Samuel,Lewis,Thompson LLC,684;201,samuel.lewis@thompsonllc.com,Diagnostic radiographer
Jessica,Ross,Rice Ellison and Adams,627;573,jessica.ross@riceellisonandadams.com,Midwife
Paula,Wright,Ponce Group,479;570;563,paula.wright@poncegroup.com,Sports administrator
James,Campos,Patrick Inc,500,james.campos@patrickinc.com,Manufacturing systems engineer
Corey,Scott,Clark Williams and Harrison,11;244;556,corey.scott@clarkwilliamsandharrison.com,Barista
Timothy,Scott,Bond-Reed,642;445;518;69,timothy.scott@bond-reed.com,IT trainer
Connie,Vazquez,Rogers Hayes and Davis,126;499,connie.vazquez@rogershayesanddavis.com,Futures trader
Melissa,Terrell,Gutierrez Wright and Molina,237,melissa.terrell@gutierrezwrightandmolina.com,Chartered public finance accountant
Jesse,Hudson,Stone-Hatfield,450;260;24,jesse.hudson@stone-hatfield.com,"Surveyor, rural practice"
Carly,Taylor,Clark-Kennedy,290;346;109;564,carly.taylor@clark-kennedy.com,"Engineer, land"
Darrell,Harris,Gomez Group,213;676,darrell.harris@gomezgroup.com,Architectural technologist
Justin,Jimenez,Rocha PLC,371;691;687;226;656,justin.jimenez@rochaplc.com,"Secretary, company"
Gail,Hicks,Pierce-Molina,326;465;392,gail.hicks@pierce-molina.com,Waste management officer
Joshua,White,Perry-Vega,602;270;423;585;93,joshua.white@perry-vega.com,Electrical engineer
Debra,Perez,Wilkins-Perez,555,debra.perez@wilkins-perez.com,Chemical engineer
Christian,Austin,Thompson Ltd,401;162,christian.austin@thompsonltd.com,"Engineer, mining"
Brittany,George,Cooper Patrick and Mckinney,550;198,brittany.george@cooperpatrickandmckinney.com,Management consultant
Paul,Barnes,Stewart Group,481;441;208,paul.barnes@stewartgroup.com,Site engineer
Heather,Meyer,Adkins-Figueroa,52,heather.meyer@adkins-figueroa.com,"Therapist, speech and language"
Kimberly,Thompson,Ayala Ltd,468,kimberly.thompson@ayalaltd.com,"Engineer, energy"
Michael,Peck,Williams-Baker,359;110,michael.peck@williams-baker.com,Community development worker
Jason,Roberts,Brennan-Salas,675;478,jason.roberts@brennan-salas.com,Midwife
Amanda,King,Jenkins Craig and Rodriguez,356;333;216;394;252,amanda.king@jenkinscraigandrodriguez.com,Private music teacher
Jack,Martin,Miller-Carter,249;574;211,jack.martin@miller-carter.com,"Research officer, trade union"
Jay,Smith,Miller Hanson and Davis,554;454;338,jay.smith@millerhansonanddavis.com,Psychotherapist
Samantha,Faulkner,Sanders Hunter and Shepard,389;652;312;469;141,samantha.faulkner@sandershunterandshepard.com,Furniture designer
Gary,Hill,Martin Harper and Pennington,374;691,gary.hill@martinharperandpennington.com,"Therapist, nutritional"
Nicholas,Wright,Holder Russell and Murray,171;466,nicholas.wright@holderrussellandmurray.com,Higher education careers adviser
Jake,Evans,Chen-Sharp,351;103;566;436,jake.evans@chen-sharp.com,"Editor, magazine features"
Andrea,Collins,Duffy-Norris,553;226;594;432,andrea.collins@duffy-norris.com,Logistics and distribution manager
Albert,Davidson,Hubbard-Mcmahon,422;129;465;31;403,albert.davidson@hubbard-mcmahon.com,Product manager
Cody,Snyder,Burke LLC,162,cody.snyder@burkellc.com,"Production designer, theatre/television/film"
Cory,Brown,Johnson-Hernandez,559;288;166;430;443,cory.brown@johnson-hernandez.com,Leisure centre manager
Bobby,Herman,Martin-Ramirez,198;35,bobby.herman@martin-ramirez.com,"Therapist, speech and language"
Greg,Hunter,Sharp-James,434;552;430;47,greg.hunter@sharp-james.com,Exhibition designer
Kevin,Price,Wong and Sons,404;350;243;112,kevin.price@wongandsons.com,Warden/ranger
Corey,Trevino,Harmon and Sons,11;217,corey.trevino@harmonandsons.com,Broadcast journalist
Troy,Levy,Perez Ltd,266;521;405,troy.levy@perezltd.com,"Geologist, engineering"
Christopher,Pace,Herrera Huffman and Mills,464;184;141;275;659,christopher.pace@herrerahuffmanandmills.com,Nutritional therapist
Donald,Reed,Gates-Randolph,114;492;232,donald.reed@gates-randolph.com,Water engineer
Warren,Wright,Vazquez Group,484;512,warren.wright@vazquezgroup.com,Comptroller
Tyler,Thomas,Roberts-Lee,579,tyler.thomas@roberts-lee.com,Barrister's clerk
Samantha,Morgan,Cox-Navarro,509;135;186;56,samantha.morgan@cox-navarro.com,"Engineer, structural"
Kenneth,Adams,Jacobs and Sons,146;249;440,kenneth.adams@jacobsandsons.com,"Therapist, music"
Heather,Garrison,Blanchard Group,485;495;670;47;221,heather.garrison@blanchardgroup.com,Diagnostic radiographer
Emily,Schroeder,Johnson-Hernandez,602;187,emily.schroeder@johnson-hernandez.com,"Librarian, public"
Martha,Fernandez,Cook Morgan and Ray,380;332;573;545;66,martha.fernandez@cookmorganandray.com,Clinical embryologist
Brandon,Nguyen,Wu-Martin,394;685;5;186,brandon.nguyen@wu-martin.com,Location manager
David,James,Smith-Chambers,562;133,david.james@smith-chambers.com,Health and safety adviser
Carla,Romero,Jackson LLC,543;295,carla.romero@jacksonllc.com,Comptroller
Tyler,Campbell,Johnson-Phelps,597;181;274,tyler.campbell@johnson-phelps.com,"Biochemist, clinical"
Nancy,Baker,Koch-Bean,586;627;520;179,nancy.baker@koch-bean.com,Public relations officer
Jerry,Pineda,Beard Dixon and May,32,jerry.pineda@bearddixonandmay.com,"Production assistant, radio"
Faith,Garner,Williams Fields and Price,3;44;258;236;479,faith.garner@williamsfieldsandprice.com,Hospital pharmacist
Charles,Randall,Hawkins PLC,421;585,charles.randall@hawkinsplc.com,Quality manager
Stephen,Baker,Dickson Perez and Lewis,342;182,stephen.baker@dicksonperezandlewis.com,Lawyer
Kevin,Keller,Herring-Fields,692;567,kevin.keller@herring-fields.com,Wellsite geologist
Stephanie,Hanson,Cox Inc,648;458;686,stephanie.hanson@coxinc.com,Speech and language therapist
Eric,Smith,Knight-Mueller,225;324;631;395,eric.smith@knight-mueller.com,Sports therapist
Michael,Lewis,Smith PLC,362;352,michael.lewis@smithplc.com,"Surveyor, quantity"
Thomas,Roberts,Wilkerson Inc,697;296;37;688;71,thomas.roberts@wilkersoninc.com,Local government officer
Jeffrey,Collins,Tucker Inc,20;633;457;343,jeffrey.collins@tuckerinc.com,Telecommunications researcher
Troy,Miles,Smith Schultz and Harrell,484;526;242;504;475,troy.miles@smithschultzandharrell.com,"Editor, magazine features"
Tanya,West,Hardy LLC,106;676;649,tanya.west@hardyllc.com,Telecommunications researcher
Nathan,Smith,Keller Washington and Chan,558;350;402;114,nathan.smith@kellerwashingtonandchan.com,Sales promotion account executive
Zachary,Carter,Ross-Conrad,72;47;151,zachary.carter@ross-conrad.com,"Scientist, water quality"
Edward,Lewis,Christensen Fletcher and Hughes,126;655;454,edward.lewis@christensenfletcherandhughes.com,Biomedical scientist
Susan,Miller,Cuevas-Smith,11;439;207,susan.miller@cuevas-smith.com,Immunologist
Vanessa,Knight,Aguirre Inc,626,vanessa.knight@aguirreinc.com,"Programme researcher, broadcasting/film/video"
Katherine,Williams,Schneider LLC,224;147,katherine.williams@schneiderllc.com,Management consultant
Anthony,Day,Gibson LLC,634;158;507;564;92,anthony.day@gibsonllc.com,Electrical engineer
Kevin,Jones,Riggs LLC,67;439;537,kevin.jones@riggsllc.com,"Engineer, civil (consulting)"
Donald,Villarreal,Lopez-Bryant,486;415,donald.villarreal@lopez-bryant.com,Ergonomist
Deanna,Wilkins,Cox Inc,354;251;257,deanna.wilkins@coxinc.com,Musician
William,Gross,Rush Inc,201;226;94;381,william.gross@rushinc.com,Associate Professor
Bobby,Mullins,Montes-Martinez,87;51;271;22;525,bobby.mullins@montes-martinez.com,Comptroller
Christopher,Jackson,Bass Inc,233;432;595;650,christopher.jackson@bassinc.com,Tax inspector
Chelsea,Perez,Obrien and Sons,582,chelsea.perez@obrienandsons.com,"Teacher, special educational needs"
Jordan,Moore,Wheeler LLC,6;637;271,jordan.moore@wheelerllc.com,Chartered certified accountant
Megan,Fernandez,Weber-Carroll,319;414;375;90,megan.fernandez@weber-carroll.com,Sports coach
Richard,Collins,Spence Johnson and Pineda,388;181;533;143;527,richard.collins@spencejohnsonandpineda.com,"Accountant, chartered"
Lisa,Guzman,Moody LLC,580,lisa.guzman@moodyllc.com,"Programme researcher, broadcasting/film/video"
Evan,Hill,Cook Ltd,637;86,evan.hill@cookltd.com,Planning and development surveyor
James,Wolfe,Whitehead Shaw and Brooks,309,james.wolfe@whiteheadshawandbrooks.com,Freight forwarder
Jonathan,Strong,Salazar Inc,43;692;10,jonathan.strong@salazarinc.com,"Psychologist, forensic"
Paul,Russell,Fox-Williams,199,paul.russell@fox-williams.com,Archaeologist
Jeremy,Faulkner,Webb Inc,625;16;105;648,jeremy.faulkner@webbinc.com,Minerals surveyor
Shawn,Ford,Kim Silva and Johnson,614;691,shawn.ford@kimsilvaandjohnson.com,Hydrogeologist
Larry,Hale,Anderson Inc,136,larry.hale@andersoninc.com,"Surveyor, building control"
Susan,Collins,Keith-Mcmahon,156;117;339;510;167,susan.collins@keith-mcmahon.com,Analytical chemist
James,Reilly,Shields and Sons,410;565;176,james.reilly@shieldsandsons.com,Mental health nurse
Brian,Turner,Richardson Nunez and Williams,11;667;346,brian.turner@richardsonnunezandwilliams.com,Patent attorney
Jeffrey,Hawkins,King LLC,575,jeffrey.hawkins@kingllc.com,Retail merchandiser
Judy,Ramos,Edwards Rice and Sullivan,684;244,judy.ramos@edwardsriceandsullivan.com,"Therapist, art"
Valerie,Garcia,Williams Ltd,557,valerie.garcia@williamsltd.com,Telecommunications researcher
Ryan,Evans,Wolf-Morrison,291;89;186;301;201,ryan.evans@wolf-morrison.com,Civil Service fast streamer
Sean,Bowen,Grimes PLC,127,sean.bowen@grimesplc.com,"Designer, fashion/clothing"
Joseph,Lee,Woods-Wu,521;152,joseph.lee@woods-wu.com,Curator
Cesar,Owens,Williams-Lee,423,cesar.owens@williams-lee.com,"Surveyor, commercial/residential"
Bryan,Richardson,Cortez Saunders and Bryant,438;363,bryan.richardson@cortezsaundersandbryant.com,Psychiatric nurse
Linda,Johnson,Boyd Group,550;633;24;448,linda.johnson@boydgroup.com,"Geneticist, molecular"
Darlene,Morgan,Waters-Rodriguez,215;498;633,darlene.morgan@waters-rodriguez.com,Theatre manager
Christy,Harrington,Ritter Lewis and Anthony,277;423;373;673,christy.harrington@ritterlewisandanthony.com,Medical laboratory scientific officer
Emma,Mcclure,Whitney Barnes and Williams,25;277;269;422,emma.mcclure@whitneybarnesandwilliams.com,"Production assistant, television"
Steven,Johnson,Simpson Guzman and Brooks,641;66;145,steven.johnson@simpsonguzmanandbrooks.com,Ophthalmologist
Leslie,Myers,Lopez Ltd,300;279;128,leslie.myers@lopezltd.com,Product manager
Cheyenne,Potter,Thompson Inc,100;54;276;60,cheyenne.potter@thompsoninc.com,Chartered loss adjuster
Victor,Harris,Davis-Jones,134;222;544,victor.harris@davis-jones.com,Broadcast journalist
Kimberly,Rogers,Morris-Solis,91;558;15;89,kimberly.rogers@morris-solis.com,"Development worker, community"
Keith,Sutton,Herrera-Fry,508,keith.sutton@herrera-fry.com,Broadcast journalist
Amy,Mitchell,Bates Blanchard and Hull,484,amy.mitchell@batesblanchardandhull.com,"Programme researcher, broadcasting/film/video"
Rachel,Keith,Peters-Chapman,677;676;622;615,rachel.keith@peters-chapman.com,Horticultural therapist
Erica,Horton,Simon PLC,451,erica.horton@simonplc.com,Chief Operating Officer
Sylvia,Gay,Howard PLC,442;80,sylvia.gay@howardplc.com,Printmaker
Jessica,Hernandez,Franklin-Gill,293;309;45,jessica.hernandez@franklin-gill.com,Chief Technology Officer
Leah,Carter,Hudson Harper and Fernandez,528,leah.carter@hudsonharperandfernandez.com,Television camera operator
Ronald,Vazquez,Rodriguez Stewart and Hoffman,258;687;322,ronald.vazquez@rodriguezstewartandhoffman.com,"Education officer, environmental"
Connie,Thompson,Nichols Reynolds and Butler,462;167;365;533,connie.thompson@nicholsreynoldsandbutler.com,Newspaper journalist
Christopher,Johnson,Miller Nelson and Perez,249;286;397;339;463,christopher.johnson@millernelsonandperez.com,Magazine features editor
Michael,Rios,Stewart Group,594;454;5,michael.rios@stewartgroup.com,Barista
Anthony,Gill,Lawrence PLC,295;328;255;7;479,anthony.gill@lawrenceplc.com,Civil Service fast streamer
Andrea,Bryant,Erickson Garrett and Bass,589;512;601,andrea.bryant@ericksongarrettandbass.com,Actuary
Kimberly,Anderson,Hayden and Sons,226;29,kimberly.anderson@haydenandsons.com,"Surveyor, rural practice"
Christina,Mclaughlin,Atkins and Sons,266;466;41,christina.mclaughlin@atkinsandsons.com,Lobbyist
Joshua,Barnes,Campbell Whitaker and Wallace,17;373,joshua.barnes@campbellwhitakerandwallace.com,Housing manager/officer
Brooke,Spencer,Diaz Stein and Allen,153;460,brooke.spencer@diazsteinandallen.com,"Teacher, primary school"
David,Paul,King Stokes and Jackson,653;11;550;202,david.paul@kingstokesandjackson.com,"Geologist, wellsite"
Carol,Welch,Bauer Martinez and Jones,105;397;547,carol.welch@bauermartinezandjones.com,Diagnostic radiographer
Sherry,Benson,Escobar Group,305;117;66,sherry.benson@escobargroup.com,Neurosurgeon
Dylan,Chung,Williams LLC,219,dylan.chung@williamsllc.com,"Buyer, retail"
Stanley,Thornton,White Lopez and Mckinney,590;555,stanley.thornton@whitelopezandmckinney.com,Technical author
Amy,Taylor,Ward Cowan and Buck,20;12;230,amy.taylor@wardcowanandbuck.com,Clinical molecular geneticist
Steven,Lee,Herrera Marshall and Morgan,438;690;549;228;334,steven.lee@herreramarshallandmorgan.com,Human resources officer
Gina,Wade,White-Boyd,414;352,gina.wade@white-boyd.com,Educational psychologist
Gina,Bates,Mora Inc,584;553;672;669;412,gina.bates@morainc.com,Training and development officer
Tony,Rice,Anderson LLC,611;153,tony.rice@andersonllc.com,"Optician, dispensing"
David,Hall,Schultz PLC,364;145,david.hall@schultzplc.com,Field trials officer
Zachary,Melendez,Allen-Davis,145;308,zachary.melendez@allen-davis.com,Curator
Carl,Sherman,Sanchez Ltd,368;688;537;358,carl.sherman@sanchezltd.com,IT consultant
Gary,Kelley,Sanchez Webster and Rodriguez,516;379;130;515,gary.kelley@sanchezwebsterandrodriguez.com,Records manager
Daniel,Andersen,Franklin Inc,17;357;383;39,daniel.andersen@franklininc.com,Further education lecturer
Kylie,Bryant,Wilson-Roberts,213;659;88;231,kylie.bryant@wilson-roberts.com,Learning mentor
Dakota,Maldonado,Williams Group,94;554,dakota.maldonado@williamsgroup.com,Freight forwarder
Alicia,Anderson,Soto Davidson and Schmidt,604,alicia.anderson@sotodavidsonandschmidt.com,Data processing manager
Matthew,Miller,Rojas Carpenter and Cooper,533,matthew.miller@rojascarpenterandcooper.com,"Education officer, environmental"
Debra,Andrews,Martinez Avila and Shelton,506;458;203;128;280,debra.andrews@martinezavilaandshelton.com,"Scientist, biomedical"
Edward,Zamora,Mckinney Foster and Bell,497;99;577,edward.zamora@mckinneyfosterandbell.com,"Psychotherapist, dance movement"
Stephanie,Dunn,Friedman Parsons and Sullivan,319;1;554,stephanie.dunn@friedmanparsonsandsullivan.com,"Engineer, manufacturing systems"
Samantha,Mclean,Davis PLC,298;526;49;442,samantha.mclean@davisplc.com,"Research officer, trade union"
Regina,Cunningham,Morrison LLC,339;162,regina.cunningham@morrisonllc.com,Software engineer
Patrick,Brown,Wilcox and Sons,261,patrick.brown@wilcoxandsons.com,Broadcast engineer
Austin,Mckenzie,Harris PLC,428,austin.mckenzie@harrisplc.com,Osteopath
Corey,Vargas,Wade-Cox,154,corey.vargas@wade-cox.com,"Scientist, research (life sciences)"
Noah,Wall,Luna Thornton and Lowery,562,noah.wall@lunathorntonandlowery.com,Advertising account planner
Joshua,Martin,Walker-Walker,186;615,joshua.martin@walker-walker.com,Automotive engineer
Amy,Marsh,Rodriguez Williams and Martin,270;537,amy.marsh@rodriguezwilliamsandmartin.com,Comptroller
Roberta,Robinson,Horton Mccarthy and Barnes,382,roberta.robinson@hortonmccarthyandbarnes.com,"Scientist, research (medical)"
Latasha,Grant,Ibarra Rodriguez and Aguilar,166;510,latasha.grant@ibarrarodriguezandaguilar.com,Museum/gallery curator
Samuel,Evans,Mullen-Jones,20;175;55,samuel.evans@mullen-jones.com,Electrical engineer
Jennifer,George,Haas Oconnor and Bruce,233;494;274;652,jennifer.george@haasoconnorandbruce.com,"Engineer, drilling"
Joseph,Blackwell,Kelly LLC,113,joseph.blackwell@kellyllc.com,Air traffic controller
Susan,Barnes,Hernandez Ramsey and Gonzalez,40,susan.barnes@hernandezramseyandgonzalez.com,Interpreter
Danny,Ortega,Hancock Goodman and Wilkins,74,danny.ortega@hancockgoodmanandwilkins.com,Chartered certified accountant
Timothy,English,Mcdonald Inc,503;574,timothy.english@mcdonaldinc.com,Probation officer
Donna,Watson,Garcia-Thomas,367;614;45;486,donna.watson@garcia-thomas.com,Community pharmacist
Jason,Richardson,Fleming Group,259;512;462;665;148,jason.richardson@fleminggroup.com,"Psychotherapist, dance movement"
Hannah,Jennings,Greene Vaughn and Roberts,507;660;60;568;447,hannah.jennings@greenevaughnandroberts.com,Community arts worker
Destiny,Bass,Clay Group,236;43;310,destiny.bass@claygroup.com,Cabin crew
Stephanie,Turner,Gibson Group,132;102,stephanie.turner@gibsongroup.com,Magazine features editor
Richard,Smith,Quinn Proctor and Reynolds,509;543;560;69,richard.smith@quinnproctorandreynolds.com,Police officer
Carol,Davis,Mason Johnson and May,594;307;266;75;549,carol.davis@masonjohnsonandmay.com,"Engineer, civil (contracting)"
Javier,Martinez,Mckenzie-Clark,103;556,javier.martinez@mckenzie-clark.com,"Engineer, biomedical"
Amber,Vincent,French-Suarez,457,amber.vincent@french-suarez.com,Ecologist
Amy,Holt,Duke Ltd,7;244;281;484,amy.holt@dukeltd.com,"Editor, commissioning"
Robert,Giles,Perez and Sons,426;633;270,robert.giles@perezandsons.com,Astronomer
Michele,Webb,Edwards Santos and Burke,115;362;238;1;77,michele.webb@edwardssantosandburke.com,Investment analyst
Tony,Thomas,Lynch-Golden,250;94;675;695;202,tony.thomas@lynch-golden.com,"Therapist, nutritional"
Mark,Logan,Weaver Sanders and Bennett,320;633;496;182;594,mark.logan@weaversandersandbennett.com,Acupuncturist
Victor,Gutierrez,Campbell LLC,549;666;396;350,victor.gutierrez@campbellllc.com,"Secretary, company"
Amanda,Wyatt,Murphy-Lambert,204;293;556;334;629,amanda.wyatt@murphy-lambert.com,Toxicologist
Tammy,Murphy,Diaz Inc,591;547,tammy.murphy@diazinc.com,Manufacturing systems engineer
Jennifer,Durham,Garcia Inc,351;175;274,jennifer.durham@garciainc.com,Retail banker
Abigail,Cook,Peters Johnson and Duke,113;191;319,abigail.cook@petersjohnsonandduke.com,Bonds trader
Charles,Baker,Patterson Hansen and Michael,514;178;93;661;38,charles.baker@pattersonhansenandmichael.com,Research scientist (physical sciences)
Kelly,Atkins,Parker-Martinez,427,kelly.atkins@parker-martinez.com,"Civil engineer, consulting"
Jennifer,Johnson,Gomez-Jones,177,jennifer.johnson@gomez-jones.com,Bookseller
Melissa,Gomez,Lindsey Group,185;495;639,melissa.gomez@lindseygroup.com,Academic librarian
Lindsey,Floyd,Payne Smith and Gardner,602;650;695,lindsey.floyd@paynesmithandgardner.com,"Social research officer, government"
Louis,Gilbert,Spencer Ltd,167;211,louis.gilbert@spencerltd.com,Occupational therapist
Alexander,Thomas,Fisher-Hines,187;560;362;173;632,alexander.thomas@fisher-hines.com,"Therapist, art"
Allison,Snow,Brewer and Sons,32;154;51,allison.snow@brewerandsons.com,Personnel officer
Heidi,Schneider,Jones Inc,106;567,heidi.schneider@jonesinc.com,Exercise physiologist
John,Nelson,Hawkins Mathews and Wagner,276,john.nelson@hawkinsmathewsandwagner.com,Academic librarian
Tracy,Morgan,Sampson-Chase,654,tracy.morgan@sampson-chase.com,Audiological scientist
Jessica,Parrish,Flowers-Webb,318;239;193;116,jessica.parrish@flowers-webb.com,Secondary school teacher
Brian,Baker,Ali-Freeman,151,brian.baker@ali-freeman.com,Mining engineer
Jeffrey,Howard,Garcia PLC,449;77;295;47,jeffrey.howard@garciaplc.com,Clinical biochemist
Daniel,Bowen,Lara Nelson and Wilcox,307;615;9,daniel.bowen@laranelsonandwilcox.com,Politician's assistant
Kimberly,Ball,Willis Jones and Austin,58,kimberly.ball@willisjonesandaustin.com,Quarry manager
Barbara,Jordan,Hill Ltd,392;34;514;617,barbara.jordan@hillltd.com,Games developer
Joshua,Myers,Evans Guzman and Roberts,265,joshua.myers@evansguzmanandroberts.com,Economist
Christie,Whitney,Dorsey PLC,236;460;21;360,christie.whitney@dorseyplc.com,"Teacher, English as a foreign language"
Amanda,Adams,Jackson Group,273;263,amanda.adams@jacksongroup.com,"Lighting technician, broadcasting/film/video"
Nicole,Taylor,Doyle PLC,65;1,nicole.taylor@doyleplc.com,Chartered loss adjuster
Kaylee,Allen,Webster Arnold and Webster,154;218;524;26,kaylee.allen@websterarnoldandwebster.com,Structural engineer
April,Holt,Meza Inc,337;110,april.holt@mezainc.com,"Teacher, music"
Michael,Thompson,Arnold Weiss and Koch,642;335;688;372,michael.thompson@arnoldweissandkoch.com,Government social research officer
Edward,Scott,Holmes Rojas and Jackson,274;250,edward.scott@holmesrojasandjackson.com,Chiropodist
Brittany,Williams,Gilmore-Zhang,260;580,brittany.williams@gilmore-zhang.com,Equities trader
Jenna,Martinez,Anderson-Lyons,606;514;544,jenna.martinez@anderson-lyons.com,"Lecturer, further education"
Douglas,Edwards,Rodriguez Johnson and Howell,534;421;140;632,douglas.edwards@rodriguezjohnsonandhowell.com,Animal technologist
Kristy,Sims,Hunter-Snyder,37;378;635,kristy.sims@hunter-snyder.com,Multimedia programmer
Maxwell,Ward,Bradford King and Williams,315;604,maxwell.ward@bradfordkingandwilliams.com,"Nurse, adult"
Erin,Ramos,Conway-Shepherd,335;54,erin.ramos@conway-shepherd.com,Politician's assistant
Michelle,Moore,Browning-Hull,330;314;389;434,michelle.moore@browning-hull.com,Banker
Kristopher,James,Murillo LLC,673;681;278;315;478,kristopher.james@murillollc.com,"Engineer, land"
Austin,Rios,Lewis Doyle and Wright,236;689;95,austin.rios@lewisdoyleandwright.com,"Psychologist, prison and probation services"
Timothy,Anderson,Jones Barker and Myers,421;213;119,timothy.anderson@jonesbarkerandmyers.com,Commissioning editor
Samuel,Lane,Johnson-Maldonado,315;68,samuel.lane@johnson-maldonado.com,Engineering geologist
Elizabeth,Miller,May LLC,328;255;440,elizabeth.miller@mayllc.com,"Scientist, marine"
Brittany,Scott,Wyatt Sellers and Torres,170;16;467;421,brittany.scott@wyattsellersandtorres.com,"Biochemist, clinical"
Jennifer,Greer,Williams Inc,498;456,jennifer.greer@williamsinc.com,"Surveyor, planning and development"
David,Brown,Barnett Johnson and Keller,201,david.brown@barnettjohnsonandkeller.com,Sports coach
Amanda,Martinez,Barrett LLC,446;376,amanda.martinez@barrettllc.com,Medical technical officer
Evelyn,Johnson,Sanders Camacho and Johnson,431;613;595;327;1,evelyn.johnson@sanderscamachoandjohnson.com,Community pharmacist
Jacob,Martinez,Bailey Jackson and Jackson,409,jacob.martinez@baileyjacksonandjackson.com,"Engineer, civil (consulting)"
Sandra,Holt,Richardson-Smith,585;566;402,sandra.holt@richardson-smith.com,"Accountant, chartered management"
Mary,Norris,Cook-Hale,361;290,mary.norris@cook-hale.com,Pathologist
Mary,Thompson,Jenkins Group,162;211;473;635,mary.thompson@jenkinsgroup.com,Telecommunications researcher
Samantha,Reynolds,Romero and Sons,140;263;179;316,samantha.reynolds@romeroandsons.com,Horticultural therapist
Jessica,Davis,Moyer-Underwood,644;614;41;330,jessica.davis@moyer-underwood.com,Electrical engineer
Connie,Hernandez,Baker PLC,12;247,connie.hernandez@bakerplc.com,"Accountant, chartered certified"
Abigail,Delgado,Smith Adams and Watts,558;595,abigail.delgado@smithadamsandwatts.com,Wellsite geologist
Wendy,Crane,Jones LLC,576;603;293,wendy.crane@jonesllc.com,Financial trader
Kara,Watkins,Moore-Parker,384;105;463;88,kara.watkins@moore-parker.com,Geochemist
Stephanie,Fernandez,White LLC,433,stephanie.fernandez@whitellc.com,Merchant navy officer
Anna,Contreras,Edwards Burns and Soto,584;233;294;696,anna.contreras@edwardsburnsandsoto.com,Comptroller
Johnathan,Lowe,Velez-Hendricks,531;331;569,johnathan.lowe@velez-hendricks.com,"Pharmacist, community"
Sarah,Thomas,Morales-Rivera,9;407,sarah.thomas@morales-rivera.com,Broadcast journalist
Leslie,Green,Delgado-Johnson,423,leslie.green@delgado-johnson.com,"Production assistant, radio"
Miguel,Torres,Farrell-Lewis,251,miguel.torres@farrell-lewis.com,Training and development officer
Jamie,Reed,Daniels LLC,657;248;91;339,jamie.reed@danielsllc.com,Statistician
Jeremy,Smith,Adams-Ortega,64;383;299,jeremy.smith@adams-ortega.com,Education administrator
Christine,Cunningham,Torres Group,195;441,christine.cunningham@torresgroup.com,Warehouse manager
Angela,Jones,Harmon Inc,350;150;347,angela.jones@harmoninc.com,Fast food restaurant manager
Michael,Taylor,Hardy LLC,596;259;325,michael.taylor@hardyllc.com,"Nurse, learning disability"
Amy,Hall,Lawrence-Roberts,347,amy.hall@lawrence-roberts.com,Dietitian
April,Schroeder,Morris-Blackwell,518,april.schroeder@morris-blackwell.com,Cytogeneticist
Nicholas,Smith,Stark-Sanders,431;597;105;144,nicholas.smith@stark-sanders.com,Exhibition designer
Noah,Wood,Myers and Sons,504,noah.wood@myersandsons.com,"Radiographer, therapeutic"
Donna,Stanton,Bennett-Moore,553;367,donna.stanton@bennett-moore.com,Administrator
Matthew,Decker,Davis Inc,58;419,matthew.decker@davisinc.com,Glass blower/designer
Melissa,Butler,Page-Perez,72;158;178,melissa.butler@page-perez.com,Consulting civil engineer
Jeff,Hoffman,Singh Marshall and Morrison,543;201;660,jeff.hoffman@singhmarshallandmorrison.com,"Horticulturist, commercial"
Jill,Curtis,Shea LLC,50,jill.curtis@sheallc.com,Arboriculturist
Katie,Vega,Fields Inc,164;139;387,katie.vega@fieldsinc.com,Clinical embryologist
Ryan,Frost,Porter-Yates,16;74;268;531;224,ryan.frost@porter-yates.com,Equities trader
Amy,Ramos,Flores Group,501;154;560,amy.ramos@floresgroup.com,"Producer, radio"
Ryan,Howard,Roberts-Cline,395;440;697,ryan.howard@roberts-cline.com,Architectural technologist
Kimberly,Daniels,Cruz-Haley,661,kimberly.daniels@cruz-haley.com,"Surveyor, commercial/residential"
Linda,Barnes,Mendoza and Sons,469;621;610;689;439,linda.barnes@mendozaandsons.com,Commercial art gallery manager
Melissa,Gomez,Cooke Ellis and Briggs,481;146;477,melissa.gomez@cookeellisandbriggs.com,"Psychologist, clinical"
Tammy,White,Christian Ochoa and Bailey,75;156;309,tammy.white@christianochoaandbailey.com,Video editor
Anna,Santiago,Gonzalez Ortiz and Yoder,646;317;537;592,anna.santiago@gonzalezortizandyoder.com,"Scientist, research (physical sciences)"
Andrew,Wilson,Spence Ltd,625;223;422;314;305,andrew.wilson@spenceltd.com,Logistics and distribution manager
Jamie,Nelson,Anderson PLC,471,jamie.nelson@andersonplc.com,"Physicist, medical"
Bradley,Ferguson,Reynolds Harris and Hester,584;613;349,bradley.ferguson@reynoldsharrisandhester.com,Agricultural consultant
Jason,Romero,Harris Barrett and Lee,547,jason.romero@harrisbarrettandlee.com,Sports administrator
Jason,Smith,Buckley Sanders and Montgomery,583,jason.smith@buckleysandersandmontgomery.com,"Engineer, building services"
Christopher,Griffith,Gilbert LLC,688,christopher.griffith@gilbertllc.com,Acupuncturist
Rose,Cruz,Reid Inc,189;64;639;42,rose.cruz@reidinc.com,Forensic psychologist
Thomas,Johnson,Hale-Davis,120;178;423,thomas.johnson@hale-davis.com,Radio broadcast assistant
Charles,Ortiz,Franklin-Black,358;579,charles.ortiz@franklin-black.com,Gaffer
Kenneth,Dunn,Moyer and Sons,619;334;169;278,kenneth.dunn@moyerandsons.com,Medical secretary
Alexander,Nguyen,Thompson Inc,661;532;583;494,alexander.nguyen@thompsoninc.com,"Education officer, environmental"
Samuel,Whitehead,Steele PLC,229;545;118;243,samuel.whitehead@steeleplc.com,Clinical molecular geneticist
Ryan,Wells,Burnett Holmes and Gordon,468;354;369,ryan.wells@burnettholmesandgordon.com,"Loss adjuster, chartered"
Connie,Gonzalez,Clark-Cisneros,155,connie.gonzalez@clark-cisneros.com,Commissioning editor
Rebecca,Fuller,Lang Hendrix and Clarke,537;689,rebecca.fuller@langhendrixandclarke.com,"Sales professional, IT"
Michael,Sherman,Burke Ltd,126;370;477;562,michael.sherman@burkeltd.com,"Geologist, engineering"
Douglas,Melendez,Jackson-Velazquez,372;214;371;510,douglas.melendez@jackson-velazquez.com,Hotel manager
Karen,Keller,Burke-Mathews,3;288;132,karen.keller@burke-mathews.com,"Runner, broadcasting/film/video"
Debbie,Duran,Wood King and Bass,293;133;224;98,debbie.duran@woodkingandbass.com,Aid worker
Jeremy,Mcintosh,Avila Leonard and Rice,405,jeremy.mcintosh@avilaleonardandrice.com,Arts development officer
Kristen,Walker,Trevino Fry and Keller,66;127;602;592;72,kristen.walker@trevinofryandkeller.com,Theatre stage manager
Jodi,Mcdonald,Carrillo Inc,207,jodi.mcdonald@carrilloinc.com,Armed forces technical officer
Jillian,Sanders,Bowen Ltd,645;550;301;554,jillian.sanders@bowenltd.com,"Teacher, adult education"
George,Wood,Ross-Harper,181;407;383;445;7,george.wood@ross-harper.com,Town planner
Jessica,Mitchell,Herrera Fitzgerald and Stevens,11;490;9;431,jessica.mitchell@herrerafitzgeraldandstevens.com,"Engineer, agricultural"
Heidi,Prince,Miller Ltd,330;81,heidi.prince@millerltd.com,Herpetologist
Jamie,Skinner,Garcia Howard and Fleming,261;372;111;210;596,jamie.skinner@garciahowardandfleming.com,Control and instrumentation engineer
Jeremy,Goodman,Huffman Jennings and Nelson,24;425;696;14;372,jeremy.goodman@huffmanjenningsandnelson.com,Facilities manager
Kristine,Myers,Rich Lyons and King,54;510;211;452,kristine.myers@richlyonsandking.com,Theatre stage manager
Cynthia,Sanchez,Clark Inc,351,cynthia.sanchez@clarkinc.com,"Surveyor, building"
Misty,Johnson,Graham Inc,135;21;375;645;399,misty.johnson@grahaminc.com,Arts development officer
Mary,Johnson,Bryant Ryan and Vega,20;81;307;315;119,mary.johnson@bryantryanandvega.com,Geophysicist/field seismologist
Christopher,Mayo,Boyd-Harding,639;530;136,christopher.mayo@boyd-harding.com,"Psychologist, prison and probation services"
Makayla,Gonzalez,Allen and Sons,364;221;154;128;509,makayla.gonzalez@allenandsons.com,Restaurant manager
Robin,Miller,Johnson-Ortega,469,robin.miller@johnson-ortega.com,"Scientist, research (life sciences)"
Jacob,Young,Greene-Soto,45;158;679;153;54,jacob.young@greene-soto.com,"Engineer, energy"
Aaron,Hill,Foster-Black,588;493;152;446,aaron.hill@foster-black.com,"Surveyor, mining"
Destiny,Martin,King Group,210,destiny.martin@kinggroup.com,Oncologist
Jeremy,Casey,Williams Brady and Davis,384;670;434;439,jeremy.casey@williamsbradyanddavis.com,"Surveyor, land/geomatics"
Lynn,Colon,Nguyen Villa and Jackson,634,lynn.colon@nguyenvillaandjackson.com,Archivist
Linda,Gross,Obrien-Johnson,341;516,linda.gross@obrien-johnson.com,Local government officer
Sandra,Eaton,Cole-Long,642;71;475;561,sandra.eaton@cole-long.com,Orthoptist
Nicholas,Lopez,Smith-Martinez,230;179,nicholas.lopez@smith-martinez.com,Immigration officer
Angelica,Frazier,Montgomery Merritt and Jenkins,223;151;103,angelica.frazier@montgomerymerrittandjenkins.com,"Education officer, museum"
John,Baldwin,Keller-Gibson,293;693;679;318,john.baldwin@keller-gibson.com,Visual merchandiser
Nicholas,Morton,Todd Myers and Kelly,87;198,nicholas.morton@toddmyersandkelly.com,Communications engineer
Zoe,Day,Matthews and Sons,182,zoe.day@matthewsandsons.com,"Administrator, sports"
Kimberly,Sharp,Powell-Andrade,43;141,kimberly.sharp@powell-andrade.com,Chartered public finance accountant
Joshua,Poole,Riggs Gallegos and Deleon,596;85,joshua.poole@riggsgallegosanddeleon.com,Meteorologist
Steven,Miller,Thomas LLC,677,steven.miller@thomasllc.com,"Programmer, systems"
Anna,Williams,Walker Moore and George,502,anna.williams@walkermooreandgeorge.com,Psychiatrist
Courtney,Higgins,Cummings Inc,651;48;258;367,courtney.higgins@cummingsinc.com,Museum/gallery exhibitions officer
Amanda,Morse,Anderson-King,577;233,amanda.morse@anderson-king.com,Freight forwarder
Dustin,Fritz,Thompson-Nguyen,600;436;3;271,dustin.fritz@thompson-nguyen.com,Glass blower/designer
Raymond,Miles,Taylor Inc,295;100;521;613,raymond.miles@taylorinc.com,Artist
Anita,Moore,Hill Inc,625;604;314;171,anita.moore@hillinc.com,Sports coach
Robert,Henry,Turner-Smith,340;454;575,robert.henry@turner-smith.com,Animal technologist
Allison,Johnson,Deleon Huynh and Holder,61;609;545,allison.johnson@deleonhuynhandholder.com,"Journalist, magazine"
Jay,Todd,Perkins Clay and Gates,419,jay.todd@perkinsclayandgates.com,Press photographer
Heather,Bowen,Rios-Marquez,643,heather.bowen@rios-marquez.com,"Engineer, petroleum"
Jason,Smith,Peck Inc,641;675;395;64,jason.smith@peckinc.com,Fast food restaurant manager
Bianca,Aguilar,Blanchard-Thompson,182;344;564,bianca.aguilar@blanchard-thompson.com,Armed forces training and education officer
Christopher,Smith,Miles Hernandez and Brewer,61;509,christopher.smith@mileshernandezandbrewer.com,Special educational needs teacher
William,Garner,Horne-Andrade,78;611;316;405;414,william.garner@horne-andrade.com,Forest/woodland manager
Mary,Reeves,Gonzalez Whitney and Blake,695;435;521;28;77,mary.reeves@gonzalezwhitneyandblake.com,Farm manager
Tyler,Weaver,Roberts Tucker and Wheeler,205;252;373,tyler.weaver@robertstuckerandwheeler.com,Psychotherapist
Amy,Romero,Kim Group,231;342;7,amy.romero@kimgroup.com,Maintenance engineer
Derrick,Flores,Wright Ltd,674,derrick.flores@wrightltd.com,Multimedia programmer
Corey,Stokes,Medina Crosby and Campbell,268;235;495;145,corey.stokes@medinacrosbyandcampbell.com,"Buyer, industrial"
Frances,Brown,Hendrix Group,465;209,frances.brown@hendrixgroup.com,Psychiatrist
Regina,Williams,Rodriguez Wilkinson and Hill,309;577;598;79;387,regina.williams@rodriguezwilkinsonandhill.com,Software engineer
Timothy,Jackson,Soto-Thompson,193;176,timothy.jackson@soto-thompson.com,"Producer, television/film/video"
Eric,Johnson,Patterson-Lucas,273;78;317,eric.johnson@patterson-lucas.com,Health and safety inspector
Danielle,Patel,Mcgee Johnson and Clark,139;693;107;229,danielle.patel@mcgeejohnsonandclark.com,Music therapist
Jonathan,Smith,Perez-Lindsey,127;137;246;635;682,jonathan.smith@perez-lindsey.com,Dealer
Jeffery,Rivera,Burns Ltd,304;354;546;597;254,jeffery.rivera@burnsltd.com,Records manager
Thomas,Alexander,Banks LLC,300;399;288;481;474,thomas.alexander@banksllc.com,"Accountant, chartered certified"
Wendy,Bryant,Peters-Rice,532;247;419;588;78,wendy.bryant@peters-rice.com,"Administrator, Civil Service"
Alexandra,Gardner,Garcia-Brown,316;592;517;686;480,alexandra.gardner@garcia-brown.com,Editorial assistant
Jason,Powell,Guerra and Sons,365;423;186;650,jason.powell@guerraandsons.com,Production engineer
Seth,Dickerson,Smith Morrison and Coleman,628;195,seth.dickerson@smithmorrisonandcoleman.com,Health promotion specialist
Bradley,Stanley,Blake-Hammond,698;591;232,bradley.stanley@blake-hammond.com,Television/film/video producer
April,Murray,Taylor Inc,111;170,april.murray@taylorinc.com,Public relations account executive
